epoch,loss_rcnn_cls,loss_rcnn_loc,loss_rcnn_match,loss_rpn_cls,loss_rpn_loc,loss_total,lr,next_lr,odam_loss_weight_effective,seconds,val_ar_1,val_ar_10,val_ar_100,val_ar_large,val_ar_medium,val_ar_small,val_class_1_objects_ap50,val_class_2_broken_ap50,val_class_3_chipped_ap50,val_class_4_scratched_ap50,val_class_5_severe_rust_ap50,val_class_6_tip_wear_ap50,val_gt_total,val_map50,val_map75,val_map_50_95,val_map_large,val_map_medium,val_map_small,val_pred_total,valid_loss_rcnn_cls,valid_loss_rcnn_loc,valid_loss_rcnn_match,valid_loss_rpn_cls,valid_loss_rpn_loc,valid_loss_total
1,0.1299511045217514,0.021636169403791428,0.0,0.033532168716192245,0.0004918444901704788,0.1856113076210022,0.0025,0.0025,0.0,152.41668701171875,0.017725110354775128,0.04149102503605983,0.04349102503605982,0.05604933695241182,0.021930192786069648,0.0,0.0,0.00402265869815072,7.857928650007858e-05,0.00751692413845394,0.06115566093777302,0.01161445386240958,959.0,0.016877655384657467,0.0002445527131054275,0.0034567300774545986,0.004252852483405724,0.0020379483589397646,0.0,10875.0,0.083176442515105,0.031832674066754406,0.0,0.014704156946390868,0.0004774862678459613,0.13019075989723206
2,0.14687049388885498,0.08804643154144287,0.0,0.012260993011295795,0.00045872642658650875,0.24763664603233337,0.0025,0.0025,0.0,145.5311737060547,0.08505907385654382,0.1628911368131482,0.17813708890963792,0.1981230149084427,0.13096684546019902,0.0,0.0,0.0771998895493595,0.04670790111102771,0.07820582062038225,0.3702109288057239,0.12451344139327172,959.0,0.139367596295953,0.003598987114676171,0.033771340973433456,0.04433142094650522,0.015170232905155333,0.0,20091.0,0.15527516100555658,0.12268447459500749,0.0,0.011052214866504073,0.0004544850231468445,0.2894663390703499
3,0.23668916523456573,0.18932373821735382,0.0,0.010453762486577034,0.000443558965343982,0.4369102120399475,0.0025,0.0025,0.0,146.3021240234375,0.17440193970061146,0.2845579694721377,0.2913997228999126,0.3216957948468644,0.20707866915422884,0.0,0.0,0.4614935401594425,0.2185931336684791,0.21971342074679195,0.4145604434391681,0.5635897935454172,959.0,0.37559006631185976,0.01906635038328776,0.1065247790926382,0.1230122537017213,0.0784263677063663,0.0,17310.0,0.19249903671443463,0.17842757739126683,0.0,0.00970637327991426,0.0004545097091977368,0.3810874968767166
4,0.23595556616783142,0.20887720584869385,0.04980726167559624,0.008724362589418888,0.0004331928794272244,0.01689276471734047,0.0022794315591454506,0.0009908840293064713,0.5239606499671936,0.0025,0.0025,0.2,229.48089599609375,0.20765906281269977,0.333944566261391,0.34097651710624516,0.35067992086641825,0.2736413634950249,0.0,0.0,0.6353666996267286,0.3009771606282947,0.2727852596883817,0.351850201152444,0.5826938987489202,959.0,0.4287346439689539,0.04977116002394862,0.1418243322733892,0.16073578395972116,0.09955760859122846,0.0,13420.0,0.1963269486092031,0.1832095415360527,0.03312036030110903,0.008195871370844543,0.0004367528352304362,0.015742725040763617,0.0021324911351257468,0.000845098082209006,0.4400097849778831
5,0.22235170006752014,0.20410415530204773,0.06352807581424713,0.007591680623590946,0.0004202428972348571,0.03179074451327324,0.0049615842290222645,0.001536601921543479,0.5362848043441772,0.0025,0.0025,0.4,203.743896484375,0.21418365142950846,0.35389206148409186,0.3604879140186541,0.367015252795333,0.30654228855721394,0.15,0.0,0.6389133617978336,0.25814490637556586,0.19748120608063394,0.3762349223844416,0.6522051028201091,959.0,0.4245958998917169,0.053321512686337634,0.14174972034206984,0.15939041059349354,0.10396583368494877,0.02693069306930693,17626.0,0.2090083949267864,0.2067704362794757,0.04304789819288999,0.008037343097385019,0.0004207155441690702,0.030515231005847455,0.005951113806804642,0.0012557860231027008,0.5050069212913513
6,0.20604655146598816,0.19214355945587158,0.0575350746512413,0.00675061484798789,0.00041030283318832517,0.040544427931308746,0.008079705759882927,0.0013973347377032042,0.5129075646400452,0.0025,0.0025,0.6,207.0498046875,0.2422050962320412,0.3648257903878397,0.36823592863668764,0.38145535569599737,0.3290784359452737,0.45,0.0,0.6722252871561214,0.35293126917414697,0.3292351181329664,0.4406982961602578,0.6932721628661291,959.0,0.49767242669792444,0.055211029464249245,0.17080993390602095,0.2011226561035242,0.12961369677096024,0.3844884488448844,10864.0,0.21761065032333135,0.20423873160034417,0.04110398024786264,0.006715940858703107,0.0004052337844768772,0.037761253956705335,0.009227172633109149,0.0008476325456285849,0.51791061013937
7,0.19255825877189636,0.18771716952323914,0.051704950630664825,0.006065938621759415,0.0003989614197053015,0.043255388736724854,0.010816441848874092,0.000835136161185801,0.4933522343635559,0.0025,0.0025,0.8,202.97714233398438,0.28181657982189295,0.41271729566378523,0.41771757443718227,0.4363952425322746,0.34292405161691547,0.1,0.0,0.7836904453303468,0.4175204774923715,0.4089982403511859,0.4697771722221313,0.7906753500706655,959.0,0.5741323370933401,0.09832424986815026,0.2109818450062262,0.22908826131099683,0.15255025529225127,0.013626889004689936,14275.0,0.21918283086270093,0.20987983755767345,0.05992570798844099,0.005730118660721928,0.0003855085211398546,0.040816064458340406,0.008532766613643616,0.0005508438604010735,0.5450036749243736
8,0.1814931333065033,0.18133607506752014,0.05349085479974747,0.00550255598500371,0.0003893938846886158,0.047564633190631866,0.013081418350338936,0.00043832079973071814,0.48329639434814453,0.0025,0.00025,1.0,203.0946044921875,0.281242208568015,0.4051225515295724,0.4070320753390962,0.4033633257710798,0.35971703980099495,0.15,0.0,0.805274259506272,0.5067448647625369,0.40417257480383945,0.4938465194352749,0.7735572383523968,959.0,0.5967190913720641,0.08904926336425899,0.21928581553029644,0.22426888083157823,0.17217449095977927,0.1504950495049505,10474.0,0.20835710130631924,0.20621453262865544,0.0497610523016192,0.006832375773228705,0.0003891377775289584,0.04752967040985823,0.011124306725105271,0.00032776555926830044,0.5305359356105328
9,0.14602452516555786,0.14954198896884918,0.03860270604491234,0.004806412383913994,0.00038464058889076114,0.045534126460552216,0.013090822845697403,0.00028500042390078306,0.39827021956443787,0.00025,0.00025,1.0,210.0750732421875,0.3235608070707374,0.44688473874615553,0.4507727571793353,0.4476770175012153,0.38556630907960204,0.1,0.0,0.8200131755341538,0.5392104778945103,0.4686076503666257,0.5724896153646715,0.8395099012007331,959.0,0.647966164072139,0.15193711276859242,0.25855314335296514,0.2759120664150761,0.19378257243251137,0.004390873869995695,9216.0,0.21704463958740233,0.18514248244464399,0.03321117094019428,0.004861380578950048,0.0003823710245342227,0.04630020949989557,0.01263910249908804,0.0002917372577940114,0.49987309947609904
10,0.1341121792793274,0.13749641180038452,0.035699017345905304,0.004735843278467655,0.0003817749093286693,0.04455625265836716,0.012825611978769302,0.00026810186682268977,0.37007516622543335,0.00025,0.00025,1.0,209.06463623046875,0.33242236947347636,0.44327609074693197,0.4456570431278844,0.44599424053367903,0.36652965640547264,0.05,0.0,0.8521093250754409,0.5494180320651901,0.47179027550825464,0.5724463995035627,0.8150961170079202,959.0,0.6521720298320738,0.16645644904505683,0.26566637963039497,0.2853337421465771,0.1900622880053978,0.02524752475247525,7915.0,0.215649538859725,0.18601204939186572,0.03600972978165373,0.004514395329169929,0.00038291247619781643,0.04522778019309044,0.011364546994445845,0.00027790148087660784,0.4994388557970524
11,0.1285398006439209,0.13149431347846985,0.03294271603226662,0.004673036281019449,0.0003813539515249431,0.04412040114402771,0.012742594815790653,0.00025579117937013507,0.355150043964386,0.00025,0.00025,1.0,202.49024963378906,0.3359902492896801,0.44533561305047703,0.44808215682927893,0.4481851739318317,0.3786176539179104,0.1,0.0,0.8328821611464622,0.5379567971726024,0.45062731971909464,0.6029559602634986,0.828651602035612,959.0,0.650614768067454,0.17924167436674815,0.2718581243397474,0.2906464503248059,0.19831189818226655,0.02857142857142856,8495.0,0.209356939047575,0.1959828943014145,0.037412487936671825,0.004934788454556837,0.0003854043723549694,0.04465215113013983,0.011286741909680131,0.00026675026238081044,0.5042781546711922
12,0.12406925112009048,0.12956637144088745,0.031791239976882935,0.004646238870918751,0.0003792060015257448,0.04368792846798897,0.012613341212272644,0.0002406255662208423,0.34699422121047974,0.00025,0.00025,1.0,207.0244140625,0.3356152726323504,0.44823650090860717,0.45163161952953224,0.4555954531950521,0.3741330457089552,0.15,0.0,0.8207588958178594,0.5696835563896089,0.45406775930810844,0.5572367749772348,0.8107371936751584,959.0,0.642496836033594,0.17672166345709503,0.2703032542709689,0.2892372817996409,0.19231717200959011,0.12079207920792079,8523.0,0.22291687391698362,0.19493026323616505,0.03710922657046467,0.004859490384114906,0.00038434077796409836,0.04491523150354624,0.012751827437205066,0.0002546297157095978,0.5181218802928924
13,0.12152369320392609,0.1267659068107605,0.030453380197286606,0.004551437683403492,0.00037881231401115656,0.04333362355828285,0.012558422982692719,0.00023039680672809482,0.33979564905166626,0.00025,0.00025,1.0,201.94192504882812,0.33613079057190376,0.4470868059529666,0.44870278137539366,0.45244746259385293,0.3781393812189055,0.1,0.0,0.8333357216483029,0.5642804705342458,0.47395001547330146,0.5647406831423178,0.8351891316841445,959.0,0.6542992044964625,0.16697144544135317,0.2721215544713753,0.28969725274995317,0.197104453626751,0.10099009900990097,7684.0,0.21947465948760508,0.1905982531607151,0.040162625792436304,0.005182696698466316,0.00038014142846805045,0.04436735901981592,0.0122123466222547,0.00023541704067611135,0.5126134969294072
14,0.11960084736347198,0.12378358840942383,0.03054414503276348,0.004690871573984623,0.00037842325400561094,0.04314221069216728,0.012439185753464699,0.00022061209892854095,0.3347998857498169,0.00025,0.00025,1.0,202.33828735351562,0.33683125775997375,0.4457638986777506,0.449097232011084,0.44922105412412905,0.37239816542288556,0.0,0.0,0.8309013559041464,0.5373040973270573,0.45041540880127984,0.5600300479882886,0.8338189274157413,959.0,0.6424939674873026,0.168802607211966,0.26852224512822825,0.28623144667939326,0.19743357435349004,0.0,8005.0,0.2218374289572239,0.19537754952907563,0.04188995566219091,0.004625091148773209,0.00038568669042433613,0.04451700933277607,0.012005856510222656,0.0002239892866782611,0.5208625800907611
15,0.11678601801395416,0.11928140372037888,0.02805275097489357,0.004677679389715195,0.0003765182918868959,0.04286307096481323,0.012486862018704414,0.00020777637837454677,0.32473206520080566,0.00025,0.00025,1.0,202.03802490234375,0.33962387712552167,0.44170237308782534,0.4433920812291464,0.44962427753470535,0.3497759250621891,0.05,0.0,0.8583935413492035,0.5688484307184071,0.44351157160252197,0.5800312464930684,0.8111282769009612,959.0,0.6523826134128324,0.18228853567657896,0.2745463881308257,0.2967796364716744,0.19179697922928216,0.05049504950495049,7925.0,0.23297146521508694,0.1962909698486328,0.03486022097058594,0.005100333545124158,0.0003878061907016672,0.04461274659261107,0.01318112579465378,0.00021282454927131766,0.5276174955070019
16,0.11418287456035614,0.11780068278312683,0.02783069759607315,0.004655349999666214,0.000374988914700225,0.042646344751119614,0.0124349445104599,0.0001978836371563375,0.3201237618923187,0.00025,2.5e-05,1.0,203.57296752929688,0.34279551051005824,0.444694891385467,0.4462469196041619,0.44986218468103495,0.36072586287313435,0.1,0.0,0.8463938412422822,0.55917067466263,0.4470569850043144,0.589852471689132,0.8042924079685143,959.0,0.6493532761133746,0.17591228490435237,0.27008467681654535,0.2913271697209945,0.19339020592204298,0.1,7766.0,0.2395789135247469,0.20314721055328847,0.03099411290604621,0.0047253400553017855,0.0003828591292403871,0.04535413011908531,0.013359584187855943,0.00020091929491172777,0.5377430662512779
17,0.10937125980854034,0.11097283661365509,0.025099977850914,0.004643111489713192,0.0003750090836547315,0.04265790432691574,0.01234029047191143,0.000193185725947842,0.30565357208251953,2.5e-05,2.5e-05,1.0,204.07562255859375,0.3438624890816541,0.44158240849505864,0.4435609031187146,0.4507263139415546,0.35111823694029853,0.1,0.0,0.8661686166104704,0.5386687320088417,0.4541187408477689,0.6108324300863046,0.8156474160866374,959.0,0.6570871871280045,0.1829072643962392,0.27577872743319853,0.297741473186627,0.18951625821203807,0.00403960396039604,7514.0,0.22912236973643302,0.1950486797839403,0.041359111526981,0.004904245294164866,0.00038702892925357446,0.045428339298814534,0.013277109520277008,0.000205329824166256,0.5297322034835815
18,0.10998466610908508,0.11278693377971649,0.02719295024871826,0.004535043612122536,0.00037457665894180536,0.042437657713890076,0.012417562305927277,0.00019003044872079045,0.30991941690444946,2.5e-05,2.5e-05,1.0,202.03396606445312,0.33292093410841034,0.4401482455347731,0.4418625312490587,0.4488432857991681,0.3539960354477612,0.05,0.0,0.8514522902698473,0.5559136915960519,0.4420091501196858,0.542243271223243,0.8223603517492497,959.0,0.6427957509916156,0.17618635701821406,0.2700282684017769,0.2912815249374973,0.1935608603864128,0.05049504950495049,7055.0,0.23296829871833324,0.19648525044322013,0.03810066366568208,0.0050068368553183975,0.00038268931093625723,0.044528857618570325,0.012216679286211729,0.0002020448502662475,0.5298913218080997
19,0.10772833973169327,0.10929076373577118,0.02545439824461937,0.0046280790120363235,0.00037411655648611486,0.04237904027104378,0.012263543903827667,0.0001907366095110774,0.3023090362548828,2.5e-05,2.5e-05,1.0,203.486083984375,0.3388970817478725,0.44509993474092147,0.44624279188377863,0.45388236644520064,0.3542990127487562,0.05,0.0,0.8558466610002312,0.564618331956461,0.4483168877761759,0.5801367160828607,0.8273855581257067,959.0,0.655260830988287,0.178815491221009,0.2739607388729017,0.2995895570490344,0.19182771070491555,0.05049504950495049,7536.0,0.2397022908553481,0.2063285332173109,0.03634947063401341,0.004774195561185479,0.0003839259457890876,0.04356304900720716,0.01167110605892958,0.00020570106662489706,0.5429782822728157
20,0.1063353642821312,0.10961701720952988,0.02599193900823593,0.00447725597769022,0.0003741069231182337,0.04256100952625275,0.012162892147898674,0.00018770454335026443,0.30170726776123047,2.5e-05,2.5e-05,1.0,201.8486328125,0.3411805337188638,0.4471566666332004,0.4488709523474862,0.4574456800626587,0.36506277207711446,0.0,0.0,0.8557209010231805,0.5448148204934169,0.4577816436857457,0.5845786836136683,0.8189210030161577,959.0,0.6523634103664339,0.1866685720741988,0.2759911321757349,0.302795636136224,0.19575044557038251,0.0,7247.0,0.24165882766246796,0.20409855283796788,0.03875634770374745,0.004610868124291301,0.0003851600784400944,0.044766952749341726,0.011858882417436689,0.00019987678806501207,0.5463354729115963
21,0.10585343837738037,0.11011172086000443,0.025343485176563263,0.004488769918680191,0.0003736598009709269,0.042429495602846146,0.012194076552987099,0.00018867882317863405,0.3009833097457886,2.5e-05,2.5e-05,1.0,202.0306396484375,0.3448833017077799,0.44508561321780804,0.4452760894082843,0.4520706395505861,0.3534742304104478,0.0,0.0,0.8575190322216445,0.5610374037791124,0.44153127300779893,0.5800193550458097,0.8281678344492095,959.0,0.6536549797007151,0.17486462044459383,0.27301402366343314,0.29657749396535427,0.19447090479694698,0.0,7032.0,0.23831950426101683,0.2065240703523159,0.03418083838187158,0.004804348078323528,0.00038533568076672966,0.043866627104580405,0.011394534540886524,0.00020294806654419517,0.5396782003343106
22,0.10680000483989716,0.10910484939813614,0.025518149137496948,0.004453521221876144,0.00037497852463275194,0.042213670909404755,0.012198073789477348,0.00018812170310411602,0.30085134506225586,2.5e-05,2.5e-05,1.0,202.67807006835938,0.3431021334698754,0.44616697020504736,0.446833636871714,0.44441472883919403,0.3603797419154229,0.0,0.0,0.8517785011594206,0.5594918560391021,0.44772564605387727,0.5987009167875963,0.8215833178965724,959.0,0.6558560475873138,0.18277858686903628,0.2743004537939572,0.2935738925072655,0.19506603880797072,0.0,7106.0,0.23725885413587094,0.20073032341897487,0.03555623812135309,0.004739043506560847,0.0003819780919002369,0.044764509052038194,0.012792411458212883,0.00020098480345041026,0.5364243358373642
23,0.10564637184143066,0.10818859934806824,0.02480897679924965,0.00450519472360611,0.0003747707814909518,0.04235674813389778,0.012409405782818794,0.00018462707521393895,0.29847466945648193,2.5e-05,2.5e-05,1.0,204.56936645507812,0.338893609630232,0.445309340080118,0.44721410198488004,0.45429731810079405,0.35915209110696517,0.05,0.0,0.8672432029493742,0.5547622486695902,0.4570508708962963,0.5804664573012502,0.8205899553872169,959.0,0.6560225470407456,0.17395123090835068,0.2758368674979595,0.3004075271587105,0.1933518244017408,0.05049504950495049,6777.0,0.23956517577171327,0.20918443910777568,0.036610078625380994,0.0047809451818466185,0.0003830515528534306,0.0444513950496912,0.012264629038691055,0.0002012549692153698,0.5474409759044647
24,0.10487402975559235,0.10771460831165314,0.025525188073515892,0.004420312121510506,0.0003745098365470767,0.042226456105709076,0.012220574542880058,0.00018660901696421206,0.2975422739982605,2.5e-05,2.5e-06,1.0,202.49472045898438,0.3389346796783229,0.44493528909771796,0.44664957481200374,0.45494990682223296,0.3584050450870647,0.0,0.0,0.8640036181792384,0.563957941144914,0.45739669279172396,0.5909281919399247,0.8253039153687475,959.0,0.6603180718849098,0.18678597226860394,0.2770157976122824,0.3040741992747017,0.1894027323990039,0.0,6902.0,0.23004453703761102,0.2029758460819721,0.03244714105967432,0.004853255767375231,0.00038475202818517574,0.04489056505262852,0.013280364585807548,0.0001915882708999561,0.5290680460631847
25,0.10592667758464813,0.10867884755134583,0.02626623958349228,0.004488586913794279,0.0003743588167708367,0.04243355989456177,0.01217030081897974,0.00018681591609492898,0.30052536725997925,2.5e-06,2.5e-06,1.0,201.51773071289062,0.3423658648166555,0.44332225368044476,0.44380320606139706,0.45105029573813,0.3572508550995025,0.0,0.0,0.8378430036620289,0.5591543737119128,0.45191045257407836,0.5891506683108534,0.8112708533665401,959.0,0.6498658703250826,0.17204911999869255,0.27331927689306496,0.29773324871912255,0.1894130634271392,0.0,7101.0,0.24346053786575794,0.19858974181115627,0.03415727822575718,0.005080022025504149,0.00038404473307309674,0.04471338409930468,0.012733582244254648,0.00019823121674562573,0.5393168285489083
26,0.10603593289852142,0.10767751932144165,0.026162926107645035,0.0044275131076574326,0.00037433067336678505,0.04229898750782013,0.012327020987868309,0.00018403933790978044,0.29948824644088745,2.5e-06,2.5e-06,1.0,202.3281707763672,0.3427097547262632,0.44487962845831286,0.44592724750593193,0.45377843947496355,0.36045767257462685,0.0,0.0,0.8670783922269893,0.5579664183469389,0.45322122153567584,0.5685824731197373,0.8296916956088324,959.0,0.6553080401676348,0.18750398750031896,0.2744900553121356,0.2993427932954993,0.19247268551017743,0.0,6833.0,0.23044301830232145,0.19953686371445656,0.0393943979870528,0.004872490299749188,0.00038087162683950735,0.04441279154270887,0.011707720882259309,0.00019753421711357077,0.5309456959366798
27,0.10468951612710953,0.1066092848777771,0.024228841066360474,0.004513162653893232,0.0003739415551535785,0.04241480305790901,0.012195758521556854,0.00018373969942331314,0.29520905017852783,2.5e-06,2.5e-06,1.0,202.05844116210938,0.34225079867072283,0.44131306252489044,0.44217020538203333,0.45131347566574836,0.349130519278607,0.0,0.0,0.860023236617323,0.5590025014737703,0.43921018708481485,0.6037997811025144,0.8166610064414503,959.0,0.6557393425439745,0.17847683707768733,0.27332119081866624,0.29817365297342047,0.18198116437065873,0.0,6918.0,0.231993605196476,0.20216593760997056,0.03416588809341192,0.004598557011922822,0.0003864742582663894,0.04429917065426707,0.012848870211746544,0.00020084530679014277,0.5306593485176563
28,0.10526169091463089,0.10742421448230743,0.024008087813854218,0.004423683974891901,0.0003751288168132305,0.04211794584989548,0.012138081714510918,0.00018572501721791923,0.2959345579147339,2.5e-06,2.5e-06,1.0,201.9222412109375,0.3401371879695725,0.4467146973484734,0.4488099354437115,0.4599227637335926,0.3625757929104477,0.0,0.0,0.8656679125691701,0.5568147558770324,0.4565166908137936,0.5891198365396205,0.8235870169717976,959.0,0.658341242554283,0.18046816172739233,0.27613478564874094,0.30031123413874233,0.19322529851418577,0.0,6853.0,0.23373327292501928,0.2052692875266075,0.03597595759201795,0.004811151919420808,0.0003832031805359293,0.04452614914625883,0.011717380775371567,0.00019609767077781725,0.5366124950349331
29,0.10494222491979599,0.10743048787117004,0.024976056069135666,0.004442101810127497,0.0003749255556613207,0.042088814079761505,0.012286513112485409,0.00018287604325450957,0.29672402143478394,2.5e-06,2.5e-06,1.0,203.4544677734375,0.34161612267368113,0.4424431422748311,0.44301457084625967,0.447000540160968,0.3517644200870647,0.0,0.0,0.8516042431535625,0.5388509379965206,0.44924187417330647,0.5743517980547338,0.8161214351513444,959.0,0.6460340577058935,0.16977529835678462,0.2722781468610478,0.29565800840364853,0.18895174002156517,0.0,6966.0,0.23168152794241906,0.2041041787713766,0.030395968491211532,0.004769467114238068,0.0003859925713186385,0.043688949383795264,0.01164816026139306,0.00020407211068231845,0.5268783137202263
30,0.10398353636264801,0.10671551525592804,0.024497419595718384,0.004453231580555439,0.0003732892801053822,0.042543187737464905,0.012339089065790176,0.00018217980687040836,0.29508745670318604,2.5e-06,2.5e-06,1.0,203.12966918945312,0.3385711082999508,0.4449221967879147,0.44616029202601,0.45597407902554965,0.35600960043532337,0.0,0.0,0.8628666726667368,0.536931543874721,0.457963052420894,0.5769138862567504,0.82707669503662,959.0,0.6523503700511443,0.17760999522699708,0.2746428875736774,0.2996776995837251,0.193997488052334,0.0,7073.0,0.23541362285614015,0.209570237621665,0.04345194464549422,0.004688909323886037,0.00038039357023080813,0.044076695665717126,0.01076089429188869,0.00019980502365797294,0.5485425010323525
